site_id,province_code,province_name,raw_header,place_name,survey_year,source_file
CB_중국_돈화_2004_변이형비교_음운_충북_x_ddcfc16a7e,CB,충북,중국 돈화(2004),돈화,2004,변이형비교_음운_충북.xlsx
CB_충북_보은_2009_변이형비교_음운_충북_x_4c00f60a51,CB,충북,충북 보은(2009),보은,2009,변이형비교_음운_충북.xlsx
CB_충북_옥천_2008_변이형비교_음운_충북_x_4af35a2fa8,CB,충북,충북 옥천(2008),옥천,2008,변이형비교_음운_충북.xlsx
CB_충북_제천_2005_변이형비교_음운_충북_x_db47941266,CB,충북,충북 제천(2005),제천,2005,변이형비교_음운_충북.xlsx
CB_충북_청원_2006_변이형비교_음운_충북_x_1db0953a01,CB,충북,충북 청원(2006),청원,2006,변이형비교_음운_충북.xlsx
CB_충북_충주_2007_변이형비교_음운_충북_x_9c19a853c3,CB,충북,충북 충주(2007),충주,2007,변이형비교_음운_충북.xlsx
CN_공주_2004_변이형비교_음운_충남_xlsx_e400ca3b7b,CN,충남,공주(2004),공주,2004,변이형비교_음운_충남.xlsx
CN_논산_2006_변이형비교_음운_충남_xlsx_33faa35fca,CN,충남,논산(2006),논산,2006,변이형비교_음운_충남.xlsx
CN_대전_2005_변이형비교_음운_충남_xlsx_98f0683a70,CN,충남,대전(2005),대전,2005,변이형비교_음운_충남.xlsx
CN_서산_2009_변이형비교_음운_충남_xlsx_9438b1820d,CN,충남,서산(2009),서산,2009,변이형비교_음운_충남.xlsx
CN_서천_2007_변이형비교_음운_충남_xlsx_e13e1efe5d,CN,충남,서천(2007),서천,2007,변이형비교_음운_충남.xlsx
CN_예산_2008_변이형비교_음운_충남_xlsx_091db8a97e,CN,충남,예산(2008),예산,2008,변이형비교_음운_충남.xlsx
GB_경주_변이형비교_음운_경북_xlsx_8813c5038e,GB,경북,경주,경주,,변이형비교_음운_경북.xlsx
GB_고령_변이형비교_음운_경북_xlsx_dc3944e604,GB,경북,고령,고령,,변이형비교_음운_경북.xlsx
GB_상주_변이형비교_음운_경북_xlsx_18963021f6,GB,경북,상주,상주,,변이형비교_음운_경북.xlsx
GB_의성_변이형비교_음운_경북_xlsx_bba3c2de8d,GB,경북,의성,의성,,변이형비교_음운_경북.xlsx
GB_청도_변이형비교_음운_경북_xlsx_ebe1266993,GB,경북,청도,청도,,변이형비교_음운_경북.xlsx
GB_청송_변이형비교_음운_경북_xlsx_fabf6e8cd8,GB,경북,청송,청송,,변이형비교_음운_경북.xlsx
GG_양평_2008_지역별이형태_경기_xlsx_198ec709e3,GG,경기,양평(2008),양평,2008,변이형비교_음운_경기.xlsx
GG_용인_2004_지역별이형태_경기_xlsx_a069e0fea8,GG,경기,용인(2004),용인,2004,변이형비교_음운_경기.xlsx
GG_이천_2010_지역별이형태_경기_xlsx_555bf53a4b,GG,경기,이천(2010),이천,2010,변이형비교_음운_경기.xlsx
GG_파주_2007_지역별이형태_경기_xlsx_f3ab75e849,GG,경기,파주(2007),파주,2007,변이형비교_음운_경기.xlsx
GG_포천_2006_지역별이형태_경기_xlsx_b5c2ded3d5,GG,경기,포천(2006),포천,2006,변이형비교_음운_경기.xlsx
GG_화성_2005_지역별이형태_경기_xlsx_dfabdf4edf,GG,경기,화성(2005),화성,2005,변이형비교_음운_경기.xlsx
GN_고성_2004_변이형비교_음운_경남_xlsx_274310fb2a,GN,경남,고성(2004),고성,2004,변이형비교_음운_경남.xlsx
GN_남해_2008_변이형비교_음운_경남_xlsx_2cd1c65860,GN,경남,남해(2008),남해,2008,변이형비교_음운_경남.xlsx
GN_산청_2007_변이형비교_음운_경남_xlsx_bdb4daa828,GN,경남,산청(2007),산청,2007,변이형비교_음운_경남.xlsx
GN_울산_2009_변이형비교_음운_경남_xlsx_1dee5aa521,GN,경남,울산(2009),울산,2009,변이형비교_음운_경남.xlsx
GN_창녕_2006_변이형비교_음운_경남_xlsx_19a5bd29a0,GN,경남,창녕(2006),창녕,2006,변이형비교_음운_경남.xlsx
GN_창원_2005_변이형비교_음운_경남_xlsx_582cfbb9ba,GN,경남,창원(2005),창원,2005,변이형비교_음운_경남.xlsx
GW_강원_삼척_지역별이형태_강원_xlsx_bd3eee17b9,GW,강원,강원 삼척,삼척,,또다른이름_강원_test.xlsx
GW_강원_양양_지역별이형태_강원_xlsx_087546628c,GW,강원,강원 양양,양양,,또다른이름_강원_test.xlsx
GW_강원_원주_지역별이형태_강원_xlsx_19d49b95cd,GW,강원,강원 원주,원주,,또다른이름_강원_test.xlsx
GW_강원_인제_지역별이형태_강원_xlsx_1f35d5ded0,GW,강원,강원 인제,인제,,또다른이름_강원_test.xlsx
GW_강원_평창_지역별이형태_강원_xlsx_d5f08ff1d5,GW,강원,강원 평창,평창,,또다른이름_강원_test.xlsx
GW_강원_홍천_지역별이형태_강원_xlsx_393e6477c4,GW,강원,강원 홍천,홍천,,또다른이름_강원_test.xlsx
JB_SJB_GS_군산_변이형비교_음운_전북_xl_7b45198658,JB,전북,SJB_GS(군산),군산,,변이형비교_음운_전북.xlsx
JB_SJB_IS_임실_변이형비교_음운_전북_xl_da8db43948,JB,전북,SJB_IS(임실),임실,,변이형비교_음운_전북.xlsx
JB_SJB_KC_고창_변이형비교_음운_전북_xl_62e53a6072,JB,전북,SJB_KC(고창),고창,,변이형비교_음운_전북.xlsx
JB_SJB_MJ_무주_변이형비교_음운_전북_xl_2cce769a6f,JB,전북,SJB_MJ(무주),무주,,변이형비교_음운_전북.xlsx
JB_SJB_NW_남원_변이형비교_음운_전북_xl_bbb52e5ce7,JB,전북,SJB_NW(남원),남원,,변이형비교_음운_전북.xlsx
JB_SJB_WJ_완주_변이형비교_음운_전북_xl_e936136d79,JB,전북,SJB_WJ(완주),완주,,변이형비교_음운_전북.xlsx
JJ_가시_변이형비교_음운_제주_xlsx_cc7a7faa14,JJ,제주,가시,가시,,변이형비교_음운_제주.xlsx
JJ_건입_변이형비교_음운_제주_xlsx_ba2ed23919,JJ,제주,건입,건입,,변이형비교_음운_제주.xlsx
JJ_동복_변이형비교_음운_제주_xlsx_7122f0cd32,JJ,제주,동복,동복,,변이형비교_음운_제주.xlsx
JJ_색달_변이형비교_음운_제주_xlsx_52d42ae56a,JJ,제주,색달,색달,,변이형비교_음운_제주.xlsx
JJ_조수_변이형비교_음운_제주_xlsx_138b3a2890,JJ,제주,조수,조수,,변이형비교_음운_제주.xlsx
JJ_호근_변이형비교_음운_제주_xlsx_2aa04e1dbe,JJ,제주,호근,호근,,변이형비교_음운_제주.xlsx
JN_곡성_2005_변이형비교_음운_전남_xlsx_25424c4a14,JN,전남,곡성(2005),곡성,2005,변이형비교_음운_전남.xlsx
JN_보성_2008_변이형비교_음운_전남_xlsx_ae4793a08b,JN,전남,보성(2008),보성,2008,변이형비교_음운_전남.xlsx
JN_신안_2010_변이형비교_음운_전남_xlsx_79cb24e8ae,JN,전남,신안(2010),신안,2010,변이형비교_음운_전남.xlsx
JN_영광_2007_변이형비교_음운_전남_xlsx_0597cff22d,JN,전남,영광(2007),영광,2007,변이형비교_음운_전남.xlsx
JN_영암_2009_변이형비교_음운_전남_xlsx_694e25cf1c,JN,전남,영암(2009),영암,2009,변이형비교_음운_전남.xlsx
JN_진도_2006_변이형비교_음운_전남_xlsx_d3423c7843,JN,전남,진도(2006),진도,2006,변이형비교_음운_전남.xlsx
