번호,지역어,지역,표준어,상세,상세_지역,시군,조사시기,제보자,음성,발화,발음/부가정보,비고,항목번호,시작_ms,끝_ms,시작_초,끝_초
1,힌자위,함경북도,흰자위,상세,함경북도,청진시,2025년,"여성, 1968년생",▶,힌자위라구,,,20103,966469,967298,966.469,967.298
2,힌자위,함경북도,흰자위,상세,함경북도,청진시,2025년,"여성, 1968년생",▶,힌자위,,,20103,968060,968993,968.06,968.993
3,힌자위,함경북도,흰자위,상세,함경북도,청진시,2025년,"여성, 1968년생",▶,힌자위,,,20103,974480,975380,974.48,975.38
4,기채,함경북도,귀지,상세,함경북도,청진시,2025년,"여성, 1968년생",▶,기채,,,20108,1003916,1004448,1003.916,1004.448
5,귀채,함경북도,귀지,상세,함경북도,청진시,2025년,"여성, 1968년생",▶,귀채,,,20108,1005362,1005934,1005.362,1005.934
6,기채,함경북도,귀지,상세,함경북도,청진시,2025년,"여성, 1968년생",▶,기채라고,,,20108,1013650,1014202,1013.65,1014.202
7,기채,함경북도,귀지,상세,함경북도,청진시,2025년,"여성, 1968년생",▶,기채 파라,,,20108,1015020,1015772,1015.02,1015.772
8,기채,함경북도,귀지,상세,함경북도,청진시,2025년,"여성, 1968년생",▶,기채를 판다,,,20108,1016430,1017514,1016.43,1017.514
9,기우비개,함경북도,귀이개,상세,함경북도,청진시,2025년,"여성, 1968년생",▶,기우비개,,,20109,1029332,1030186,1029.332,1030.186
10,기우비개,함경북도,귀이개,상세,함경북도,청진시,2025년,"여성, 1968년생",▶,기우비갭니다,,,20109,1031112,1032072,1031.112,1032.072
11,구렛나룻,함경북도,구레나룻,상세,함경북도,청진시,2025년,"여성, 1968년생",▶,구렛나룻이라구 해요,,,20113,1093413,1095580,1093.413,1095.58
12,구렛나룻,함경북도,구레나룻,상세,함경북도,청진시,2025년,"여성, 1968년생",▶,구렛나룻,,,20113,1108730,1110130,1108.73,1110.13
13,구렛나룻,함경북도,구레나룻,상세,함경북도,청진시,2025년,"여성, 1968년생",▶,구렛나룻이 시꺼먼 남자가,,,20113,1113270,1116780,1113.27,1116.78
14,히파람,함경북도,휘파람,상세,함경북도,청진시,2025년,"여성, 1968년생",▶,히파람이죠,,,20118,1136030,1137120,1136.03,1137.12
15,휘파람,함경북도,휘파람,상세,함경북도,청진시,2025년,"여성, 1968년생",▶,휘파람,,,20118,1137720,1138500,1137.72,1138.5
16,겨드랑이,함경북도,겨드랑이,상세,함경북도,청진시,2025년,"여성, 1968년생",▶,겨드랑이,문화어,,20124,1169930,1171050,1169.93,1171.05
17,자대미,함경북도,겨드랑이,상세,함경북도,청진시,2025년,"여성, 1968년생",▶,자대미,,,20124,1172275,1173155,1172.275,1173.155
18,자대미,함경북도,겨드랑이,상세,함경북도,청진시,2025년,"여성, 1968년생",▶,자대미라구두 부루구,,,20124,1175990,1177730,1175.99,1177.73
19,자대미,함경북도,겨드랑이,상세,함경북도,청진시,2025년,"여성, 1968년생",▶,자대미,,,20124,1178445,1179585,1178.445,1179.585
20,자대미,함경북도,겨드랑이,상세,함경북도,청진시,2025년,"여성, 1968년생",▶,자대미는,일반 사람들이 쓰는 말,,20124,1191400,1192350,1191.4,1192.35
21,무릎,함경북도,무릎-이,상세,함경북도,청진시,2025년,"여성, 1968년생",▶,무릎이,,,20134,1381350,1382110,1381.35,1382.11
22,무룹,함경북도,무릎-을,상세,함경북도,청진시,2025년,"여성, 1968년생",▶,무룹울,,,20134,1431190,1432170,1431.19,1432.17
23,무룹,함경북도,무릎-이,상세,함경북도,청진시,2025년,"여성, 1968년생",▶,무룹이 데지마는,,,20134,1436310,1437580,1436.31,1437.58
24,무룹,함경북도,무릎,상세,함경북도,청진시,2025년,"여성, 1968년생",▶,무룹,,,20134,1458090,1458630,1458.09,1458.63
25,무룹,함경북도,무릎,상세,함경북도,청진시,2025년,"여성, 1968년생",▶,무룹두 쓰구,,,20134,1552520,1553320,1552.52,1553.32
26,무뤂,함경북도,무릎-에,상세,함경북도,청진시,2025년,"여성, 1968년생",▶,무뤂에,,,20134,1587500,1588140,1587.5,1588.14
27,패끼,함경북도,딸꾹질,상세,함경북도,청진시,2025년,"여성, 1968년생",▶,패끼라고 하지요,,,20209,1614430,1615620,1614.43,1615.62
28,패끼,함경북도,딸꾹질,상세,함경북도,청진시,2025년,"여성, 1968년생",▶,패끼,,,20209,1620710,1621080,1620.71,1621.08
29,패끼,함경북도,딸꾹질,상세,함경북도,청진시,2025년,"여성, 1968년생",▶,패끼 난다,,,20209,1621110,1622160,1621.11,1622.16
30,패끼,함경북도,딸꾹질,상세,함경북도,청진시,2025년,"여성, 1968년생",▶,패끼르 하는 사람,,,20209,1624540,1625560,1624.54,1625.56
31,패끼,함경북도,딸꾹질,상세,함경북도,청진시,2025년,"여성, 1968년생",▶,패끼가 멈추는 거예요,,,20209,1634360,1635680,1634.36,1635.68
32,패끼,함경북도,딸꾹질,상세,함경북도,청진시,2025년,"여성, 1968년생",▶,패끼 끊어젰니,,,20209,1656830,1657940,1656.83,1657.94
33,자부럼,함경북도,졸음,상세,함경북도,청진시,2025년,"여성, 1968년생",▶,자부럼이 온다,,,20215,1678090,1679140,1678.09,1679.14
34,자부럼,함경북도,졸음,상세,함경북도,청진시,2025년,"여성, 1968년생",▶,자부럼,,,20215,1679720,1680590,1679.72,1680.59
35,자부럼,함경북도,졸음,상세,함경북도,청진시,2025년,"여성, 1968년생",▶,자부럼이 온다,,,20215,1681720,1683090,1681.72,1683.09
36,기지개,함경북도,기지개,상세,함경북도,청진시,2025년,"여성, 1968년생",▶,기지개,,,20217,1728100,1728980,1728.1,1728.98
37,기지개를 켜다,함경북도,기지개를 켜다,상세,함경북도,청진시,2025년,"여성, 1968년생",▶,기지개를 켜다,,,20218,1735980,1737510,1735.98,1737.51
38,셋바눌,함경북도,혓바늘,상세,함경북도,청진시,2025년,"여성, 1968년생",▶,셋바눌,,"조사 후에 '쓰리', '쓰리가 돋았다'라고 한다고 정정함. 강아지 혀 밑에 나는 것은 '혓바늘'이라고 하고, 사람 혀에 나는 것은 '쓰리'라고 한다고 함.",20220,1763280,1764060,1763.28,1764.06
39,셋바늘,함경북도,혓바늘,상세,함경북도,청진시,2025년,"여성, 1968년생",▶,셋바늘 셋바늘,,,20220,1770180,1771840,1770.18,1771.84
40,셋바늘,함경북도,혓바늘,상세,함경북도,청진시,2025년,"여성, 1968년생",▶,셋바늘 돋았다,,,20220,1775590,1776700,1775.59,1776.7
41,셋바늘,함경북도,혓바늘,상세,함경북도,청진시,2025년,"여성, 1968년생",▶,셋바늘이 돋아서,,,20220,1787690,1789130,1787.69,1789.13
42,미꾸라지,함경북도,미꾸라지,상세,함경북도,청진시,2025년,"여성, 1968년생",▶,미꾸라지라고,,,20306,1807267,1808387,1807.267,1808.387
43,미꾸라지,함경북도,미꾸라지,상세,함경북도,청진시,2025년,"여성, 1968년생",▶,이 미꾸라지를 키우라고 하거든요,,,20306,1840840,1842840,1840.84,1842.84
44,미꾸라지,함경북도,미꾸라지,상세,함경북도,청진시,2025년,"여성, 1968년생",▶,미꾸라지는,,,20306,1845780,1847020,1845.78,1847.02
45,쉬쓸다,함경북도,쉬슬다,상세,함경북도,청진시,2025년,"여성, 1968년생",▶,쉬 쓸죠 쉬,"'쉬'가 이중모음 wi 가 아닌 전설원순단모음에 가깝게 들리나, 원순성은 약함.",,20318,1919773,1921493,1919.773,1921.493
46,쉬쓸다,함경북도,쉬슬다,상세,함경북도,청진시,2025년,"여성, 1968년생",▶,쉬를 다 쓸고,,,20318,1952653,1954000,1952.653,1954.0
47,벌기,함경북도,벌레,상세,함경북도,청진시,2025년,"여성, 1968년생",▶,벌기고,,,20310,2034587,2035773,2034.587,2035.773
48,벌기,함경북도,벌레,상세,함경북도,청진시,2025년,"여성, 1968년생",▶,아우 저 집에는 벌기 많다,,,20310,2038120,2039627,2038.12,2039.627
49,벌기,함경북도,벌레,상세,함경북도,청진시,2025년,"여성, 1968년생",▶,벌기,'ㅓ'가 'ㅗ'에 가깝게 발음되어 '벌기'의 '벌'이 '볼'처럼 들림.,,20310,2067773,2068719,2067.773,2068.719
50,모기,함경북도,모기,상세,함경북도,청진시,2025년,"여성, 1968년생",▶,모기,'ㅗ'의 개구도가 큼. '모기'가 '머기'에 가깝게 들림.,,20314,2081053,2081639,2081.053,2081.639
51,모기,함경북도,모기,상세,함경북도,청진시,2025년,"여성, 1968년생",▶,모기두 있구,,,20314,2085273,2086713,2085.273,2086.713
52,모기,함경북도,모기,상세,함경북도,청진시,2025년,"여성, 1968년생",▶,모기,,,20314,2099599,2100879,2099.599,2100.879
53,벌,함경북도,벌,상세,함경북도,청진시,2025년,"여성, 1968년생",▶,벌: 그래요? 벌?,'ㅓ'가 'ㅗ'처럼 원순성을 띰. '벌'이 '볼'처럼 들림.,,20315,2125067,2126773,2125.067,2126.773
54,벌,함경북도,벌,상세,함경북도,청진시,2025년,"여성, 1968년생",▶,벌이죠 벌,,,20315,2127440,2129214,2127.44,2129.214
55,벌,함경북도,벌,상세,함경북도,청진시,2025년,"여성, 1968년생",▶,버얼이 올 때문,'벌이'에서 '벌'이 상승조로 길게 실현됨.,,20315,2153493,2154520,2153.493,2154.52
56,벌,함경북도,벌,상세,함경북도,청진시,2025년,"여성, 1968년생",▶,벌보다는,,,20315,2157400,2158506,2157.4,2158.506
57,쉬쓸다,함경북도,쉬슬다,상세,함경북도,청진시,2025년,"여성, 1968년생",▶,쉬를 쓴다고 하죠 쉬,,,20318,2223306,2225293,2223.306,2225.293
58,쉬,함경북도,쉬슬다,상세,함경북도,청진시,2025년,"여성, 1968년생",▶,시 쉬 쉬,'쉬'의 발음이 세 번 다 다르게 실현됨. 의식적으로 강조해서 발음할수록 원순성이 강해지고 이중모음 [wi]에 가깝게 실현됨.,,20318,2226827,2228294,2226.827,2228.294
59,쉬,함경북도,쉬슬다,상세,함경북도,청진시,2025년,"여성, 1968년생",▶,쉬는 시간 할 때 쉬,'쉬는'이 '시는'에 가깝게 발음됨. 그러나 마지막의 강조 발화된 '쉬'는 이중모음 [wi]로 발음됨.,,20318,2229594,2231780,2229.594,2231.78
60,시,함경북도,쉬슬다,상세,함경북도,청진시,2025년,"여성, 1968년생",▶,시를 쑨다,'쉬'의 원순성이 약화되어 '시'에 가깝게 발음됨. '쓴다'의 'ㅡ'는 원순성을 지닌 'ㅜ'에 가깝게 발음됨.,,20318,2232027,2232934,2232.027,2232.934
61,지레,함경북도,지렁이,상세,함경북도,청진시,2025년,"여성, 1968년생",▶,지레,,,20321,2263946,2264813,2263.946,2264.813
62,지레,함경북도,지렁이,상세,함경북도,청진시,2025년,"여성, 1968년생",▶,지레 잡아 멕이라,,,20321,2293693,2294813,2293.693,2294.813
63,지레,함경북도,지렁이,상세,함경북도,청진시,2025년,"여성, 1968년생",▶,지레 잡을라 나가는 거예요,,,20321,2319453,2321600,2319.453,2321.6
64,지레,함경북도,지렁이,상세,함경북도,청진시,2025년,"여성, 1968년생",▶,지레가 가뜩 나오는 거예요,,,20321,2330360,2332253,2330.36,2332.253
65,지레,함경북도,지렁이,상세,함경북도,청진시,2025년,"여성, 1968년생",▶,깨끗한 지레가,,,20321,2340640,2341920,2340.64,2341.92
66,지레,함경북도,지렁이,상세,함경북도,청진시,2025년,"여성, 1968년생",▶,그 지레를,,,20321,2355733,2356706,2355.733,2356.706
67,지레,함경북도,지렁이,상세,함경북도,청진시,2025년,"여성, 1968년생",▶,지레라고 많이 써요,,,20321,2402627,2404040,2402.627,2404.04
68,거시,함경북도,회충,상세,함경북도,청진시,2025년,"여성, 1968년생",▶,거시,,,20322,2463666,2464480,2463.666,2464.48
69,거시,함경북도,회충,상세,함경북도,청진시,2025년,"여성, 1968년생",▶,거시가 많다,,,20322,2464960,2466400,2464.96,2466.4
70,거시,함경북도,회충,상세,함경북도,청진시,2025년,"여성, 1968년생",▶,거시예요 거시,,,20322,2471000,2472214,2471.0,2472.214
71,거시,함경북도,회충,상세,함경북도,청진시,2025년,"여성, 1968년생",▶,거시는,,,20322,2483960,2484640,2483.96,2484.64
72,거시,함경북도,회충,상세,함경북도,청진시,2025년,"여성, 1968년생",▶,너 거싯배를 앓니?,,,20322,2488000,2489680,2488.0,2489.68
73,거시,함경북도,회충,상세,함경북도,청진시,2025년,"여성, 1968년생",▶,거시가 많은 사람을,'ㅓ'가 'ㅗ'처럼 발음되어 '거시'가 '고시'처럼 들림.,,20322,2491734,2493227,2491.734,2493.227
74,거시,함경북도,회충,상세,함경북도,청진시,2025년,"여성, 1968년생",▶,거시같이 생긴 게,매우 마른 사람을 가리켜 '거시 같이 생겼다'고 한다고 함.,,20322,2508307,2509627,2508.307,2509.627
75,거시,함경북도,회충,상세,함경북도,청진시,2025년,"여성, 1968년생",▶,거시가,,,20322,2530520,2531400,2530.52,2531.4
76,거시,함경북도,회충,상세,함경북도,청진시,2025년,"여성, 1968년생",▶,거시만 한뭉텡이 나올 때가 있다구,'거시'가 '고시'처럼 실현됨.,,20322,2541120,2543760,2541.12,2543.76
77,회충,함경북도,회충,상세,함경북도,청진시,2025년,"여성, 1968년생",▶,회충은,'회충'의 'ㅚ'가 이중모음으로 발음됨. '회충'은 문화어.,,20322,2570814,2571814,2570.814,2571.814
78,회충,함경북도,회충,상세,함경북도,청진시,2025년,"여성, 1968년생",▶,회충이 나오는 거예요,,,20322,2629226,2630640,2629.226,2630.64
79,회충,함경북도,회충,상세,함경북도,청진시,2025년,"여성, 1968년생",▶,회충도 너무 힘들어서 나오는 거겠죠,'회충'이 '헤충'처럼 발음됨.,,20322,2631066,2633306,2631.066,2633.306
80,고얘,함경북도,고양이,상세,함경북도,청진시,2025년,"여성, 1968년생",▶,고얘라고 하죠 고얘,,,20323,2647520,2649493,2647.52,2649.493
81,고얘,함경북도,고양이,상세,함경북도,청진시,2025년,"여성, 1968년생",▶,고얘,,,20323,2660640,2661307,2660.64,2661.307
82,고얘,함경북도,고양이,상세,함경북도,청진시,2025년,"여성, 1968년생",▶,고얘,,,20323,2661307,2661814,2661.307,2661.814
83,고얘,함경북도,고양이,상세,함경북도,청진시,2025년,"여성, 1968년생",▶,고얘,,,20323,2665027,2665600,2665.027,2665.6
84,고얘,함경북도,고양이,상세,함경북도,청진시,2025년,"여성, 1968년생",▶,너네집 고얘,'ㅗ'의 개구도가 커서 'ㅓ'처럼 들림. '고얘'가 '거얘'처럼 실현됨.,,20323,2675094,2676320,2675.094,2676.32
85,고얘,함경북도,고양이,상세,함경북도,청진시,2025년,"여성, 1968년생",▶,너네집 고얘 새끼 났니?,,,20323,2678973,2680440,2678.973,2680.44
86,모이,함경북도,모이,상세,함경북도,청진시,2025년,"여성, 1968년생",▶,모이,,,20334,2699040,2699640,2699.04,2699.64
87,닭모이,함경북도,모이,상세,함경북도,청진시,2025년,"여성, 1968년생",▶,닭모이,,,20334,2701213,2702240,2701.213,2702.24
88,모이,함경북도,모이,상세,함경북도,청진시,2025년,"여성, 1968년생",▶,모이,'ㅗ'의 개구도가 커서 'ㅓ'에 가깝게 들림. '모이'가 '머이'에 가깝게 들림.,,20334,2704213,2704920,2704.213,2704.92
89,모이,함경북도,모이,상세,함경북도,청진시,2025년,"여성, 1968년생",▶,모이,,,20334,2706360,2707240,2706.36,2707.24
90,놀가지,함경북도,노루,상세,함경북도,청진시,2025년,"여성, 1968년생",▶,놀가지,,,20335,2806440,2807360,2806.44,2807.36
91,놀가지,함경북도,노루,상세,함경북도,청진시,2025년,"여성, 1968년생",▶,놀가지,문화어로는 '노루'라고 함.,,20335,2813360,2814400,2813.36,2814.4
92,놀가지,함경북도,노루,상세,함경북도,청진시,2025년,"여성, 1968년생",▶,놀가지라고 하죠,,,20335,2817467,2819493,2817.467,2819.493
93,놀가지,함경북도,노루,상세,함경북도,청진시,2025년,"여성, 1968년생",▶,놀가지새끼를,,,20335,3021200,3022400,3021.2,3022.4
94,여끼,함경북도,여우,상세,함경북도,청진시,2025년,"여성, 1968년생",▶,여끼라고도 하고,,,20336,3324774,3326354,3324.774,3326.354
95,여시,함경북도,여우,상세,함경북도,청진시,2025년,"여성, 1968년생",▶,여시라고두 해요,,,20336,3326354,3328007,3326.354,3328.007
96,여끼,함경북도,여우,상세,함경북도,청진시,2025년,"여성, 1968년생",▶,여끼,,,20336,3328014,3328760,3328.014,3328.76
97,여시,함경북도,여우,상세,함경북도,청진시,2025년,"여성, 1968년생",▶,여시,,,20336,3329434,3330354,3329.434,3330.354
98,여시,함경북도,여우,상세,함경북도,청진시,2025년,"여성, 1968년생",▶,여시,,,20336,3335360,3336320,3335.36,3336.32
99,여끼,함경북도,여우,상세,함경북도,청진시,2025년,"여성, 1968년생",▶,여끼 밴새,,,20336,3336354,3337740,3336.354,3337.74
100,여끼,함경북도,여우,상세,함경북도,청진시,2025년,"여성, 1968년생",▶,여끼밴새 하문,,,20336,3355613,3356867,3355.613,3356.867
101,여우,함경북도,여우,상세,함경북도,청진시,2025년,"여성, 1968년생",▶,여시같다,,,20336,3363347,3364427,3363.347,3364.427
102,여끼,함경북도,여우,상세,함경북도,청진시,2025년,"여성, 1968년생",▶,어우 저 간나는 여끼밴새같다,,,20336,3377934,3379787,3377.934,3379.787
103,칼치,함경북도,갈치,상세,함경북도,청진시,2025년,"여성, 1968년생",▶,칼치,'갈치'는 교과서에서만 봤을 뿐 실제로는 본 적이 없었다고 함.,,20337,3431107,3432373,3431.107,3432.373
104,칼치,함경북도,갈치,상세,함경북도,청진시,2025년,"여성, 1968년생",▶,칼치라구,,,20337,3459387,3460520,3459.387,3460.52
105,뽕누에,함경북도,누에,상세,함경북도,청진시,2025년,"여성, 1968년생",▶,뽕누에,,,20342,3531280,3532120,3531.28,3532.12
106,뽕누에,함경북도,누에,상세,함경북도,청진시,2025년,"여성, 1968년생",▶,그건 뽕누에라고 해요,,,20342,3532720,3534054,3532.72,3534.054
107,누에,함경북도,누에,상세,함경북도,청진시,2025년,"여성, 1968년생",▶,누에꼬치,,,20342,3542280,3543453,3542.28,3543.453
108,번데기,함경북도,번데기,상세,함경북도,청진시,2025년,"여성, 1968년생",▶,번데기,,,20343,3546513,3547326,3546.513,3547.326
109,번데기,함경북도,번데기,상세,함경북도,청진시,2025년,"여성, 1968년생",▶,이건 번데기라고 하고,,,20343,3548766,3550579,3548.766,3550.579
110,번데기,함경북도,번데기,상세,함경북도,청진시,2025년,"여성, 1968년생",▶,번데기,,,20343,3628160,3629173,3628.16,3629.173
111,억새,함경북도,억새,상세,함경북도,청진시,2025년,"여성, 1968년생",▶,억새 억새,"'ㅓ'의 개구도가 작으며, 원순성이 있음. ' ㅗ'에 가깝게 들림. '억새'를 스스로 응답하지는 못했고, 조사자가 '억새'라는 어형을 제시하자, 그렇게 쓴 것 같다고 함.",,20403,3693587,3694760,3693.587,3694.76
112,억새풀,함경북도,억새,상세,함경북도,청진시,2025년,"여성, 1968년생",▶,억새풀,,,20403,3700253,3701493,3700.253,3701.493
113,뽕,함경북도,오디,상세,함경북도,청진시,2025년,"여성, 1968년생",▶,뽕이라 하죠,,,20418,3720587,3721520,3720.587,3721.52
114,오디,함경북도,오디,상세,함경북도,청진시,2025년,"여성, 1968년생",▶,오디 오디,'ㅗ'의 개구도가 큼. '오디'가 '어디'에 가깝게 들림.,,20418,3733734,3734507,3733.734,3734.507
115,뽕오디,함경북도,오디,상세,함경북도,청진시,2025년,"여성, 1968년생",▶,뽕오디,,,20418,3735607,3736474,3735.607,3736.474
116,뽕오디,함경북도,오디,상세,함경북도,청진시,2025년,"여성, 1968년생",▶,뽕오디,,,20418,3737680,3738400,3737.68,3738.4
117,오디,함경북도,오디,상세,함경북도,청진시,2025년,"여성, 1968년생",▶,오디라고 해요?,,,20418,3742580,3743580,3742.58,3743.58
118,몰개,함경북도,모래,상세,함경북도,청진시,2025년,"여성, 1968년생",▶,몰개라 하지,,,20503,3852027,3852907,3852.027,3852.907
119,몰개,함경북도,모래,상세,함경북도,청진시,2025년,"여성, 1968년생",▶,몰개,,,20503,3852907,3853574,3852.907,3853.574
120,몰개,함경북도,모래,상세,함경북도,청진시,2025년,"여성, 1968년생",▶,몰개락 해요,,,20503,3856087,3857434,3856.087,3857.434
121,몰개,함경북도,모래,상세,함경북도,청진시,2025년,"여성, 1968년생",▶,몰개,,,20503,3869814,3870614,3869.814,3870.614
122,가슬,함경북도,가을,상세,함경북도,청진시,2025년,"여성, 1968년생",▶,가슬,,,20509,3916027,3916627,3916.027,3916.627
123,동삼,함경북도,겨울,상세,함경북도,청진시,2025년,"여성, 1968년생",▶,동삼으 난다,,,20510,3938947,3940200,3938.947,3940.2
124,동삼,함경북도,겨울,상세,함경북도,청진시,2025년,"여성, 1968년생",▶,동삼,,,20510,3951640,3952574,3951.64,3952.574
125,동삼,함경북도,겨울,상세,함경북도,청진시,2025년,"여성, 1968년생",▶,동삼이란 말을,,,20510,3966120,3967227,3966.12,3967.227
126,동삼,함경북도,겨울,상세,함경북도,청진시,2025년,"여성, 1968년생",▶,동삼이라는 것은,,,20509,3975667,3977373,3975.667,3977.373
127,가슬,함경북도,가을-에,상세,함경북도,청진시,2025년,"여성, 1968년생",▶,가슬에,,,20509,3990174,3991067,3990.174,3991.067
128,가슬,함경북도,가을-에,상세,함경북도,청진시,2025년,"여성, 1968년생",▶,가슬에,,,20509,3991827,3992227,3991.827,3992.227
129,가슬,함경북도,가을-에,상세,함경북도,청진시,2025년,"여성, 1968년생",▶,우리 가슬에 한번,"'ㅡ'가 'ㅜ'처럼 실현되어, '가슬'이 '가술'처럼 들림.",,20509,4032814,4034001,4032.814,4034.001
130,가슬,함경북도,가을,상세,함경북도,청진시,2025년,"여성, 1968년생",▶,가슬이라고,,,20509,4050333,4051347,4050.333,4051.347
131,우박,함경북도,우박,상세,함경북도,청진시,2025년,"여성, 1968년생",▶,우박이 떨어진다 하죠,,,20528,4069067,4070814,4069.067,4070.814
132,우박,함경북도,우박,상세,함경북도,청진시,2025년,"여성, 1968년생",▶,우박이,,,20528,4070814,4071561,4070.814,4071.561
133,우박,함경북도,우박,상세,함경북도,청진시,2025년,"여성, 1968년생",▶,우박이라고 하죠,,,20528,4076320,4077920,4076.32,4077.92
134,우박,함경북도,우박,상세,함경북도,청진시,2025년,"여성, 1968년생",▶,우박,,,20528,4077980,4078940,4077.98,4078.94
135,우박,함경북도,우박,상세,함경북도,청진시,2025년,"여성, 1968년생",▶,다 우박이라고 했어요,,,20528,4094027,4095374,4094.027,4095.374
136,우박,함경북도,우박,상세,함경북도,청진시,2025년,"여성, 1968년생",▶,주먹대이만 한 우박,,,20528,4095374,4096880,4095.374,4096.88
137,우박,함경북도,우박,상세,함경북도,청진시,2025년,"여성, 1968년생",▶,쿤: 우박이 떨어질 때는,,,20528,4099040,4101094,4099.04,4101.094
138,우박,함경북도,우박,상세,함경북도,청진시,2025년,"여성, 1968년생",▶,주먹대이만: 한 우박이 떨어졨다,,,20528,4106373,4109067,4106.373,4109.067
139,우박,함경북도,우박,상세,함경북도,청진시,2025년,"여성, 1968년생",▶,주먹대이만 한 우박이 떨어졨소,,,20528,4112747,4114681,4112.747,4114.681
140,우박,함경북도,우박,상세,함경북도,청진시,2025년,"여성, 1968년생",▶,때아닌 우박이 떨어져 가지구,,,20528,4135800,4138467,4135.8,4138.467
141,우박,함경북도,우박,상세,함경북도,청진시,2025년,"여성, 1968년생",▶,우박이,,,20528,4155800,4157240,4155.8,4157.24
142,노을,함경북도,노을,상세,함경북도,청진시,2025년,"여성, 1968년생",▶,노을이라고 하죠,,,20532,4192747,4195254,4192.747,4195.254
143,노을,함경북도,노을,상세,함경북도,청진시,2025년,"여성, 1968년생",▶,노을이 지면,,,20532,4202401,4203747,4202.401,4203.747
144,노을,함경북도,노을,상세,함경북도,청진시,2025년,"여성, 1968년생",▶,아침에 노을이 지면,,,20532,4209334,4210867,4209.334,4210.867
145,노을,함경북도,노을,상세,함경북도,청진시,2025년,"여성, 1968년생",▶,아침에 노을이 지면,,,20532,4214814,4216654,4214.814,4216.654
146,노을,함경북도,노을,상세,함경북도,청진시,2025년,"여성, 1968년생",▶,아침에 노을이 지면,'아침에 노을이 지면 강가에다 소를 매지 말라'라는 말이 있다고 함. 날이 흐리고 그로 인해 강물이 불어날 수 있기  때문.,,20532,4227213,4228560,4227.213,4228.56
147,회오리바람,함경북도,회오리바람,상세,함경북도,청진시,2025년,"여성, 1968년생",▶,회오리바람,'회'가 '홰(이중모음)'로 발음됨,,20544,4256414,4257627,4256.414,4257.627
148,돌개바람,함경북도,회오리바람,상세,함경북도,청진시,2025년,"여성, 1968년생",▶,돌개바람,,,20544,4258787,4259880,4258.787,4259.88
149,회오리바람,함경북도,회오리바람,상세,함경북도,청진시,2025년,"여성, 1968년생",▶,회오리바람,'회'가 이중모음에 가깝게 발음됨.,,20544,4259920,4260947,4259.92,4260.947
150,돌개바람,함경북도,회오리바람,상세,함경북도,청진시,2025년,"여성, 1968년생",▶,주로는 돌개바람을 써요,'회오리바람'과 '돌개바람' 중 사람들이 주로 쓰는 말은 '돌개바람'이라고 함.,,20544,4264254,4266147,4264.254,4266.147
151,돌개바람,함경북도,회오리바람,상세,함경북도,청진시,2025년,"여성, 1968년생",▶,돌개바람이,,,20544,4286054,4286987,4286.054,4286.987
152,돌개바람,함경북도,회오리바람,상세,함경북도,청진시,2025년,"여성, 1968년생",▶,돌개바람이,,,20544,4287734,4288681,4287.734,4288.681
153,돌개바람,함경북도,회오리바람,상세,함경북도,청진시,2025년,"여성, 1968년생",▶,돌개바람이 분다,,,20544,4291427,4292480,4291.427,4292.48
154,돌개바람,함경북도,회오리바람,상세,함경북도,청진시,2025년,"여성, 1968년생",▶,돌개바람으로,,,20544,4294481,4295574,4294.481,4295.574
155,-,함경북도,아우타다,상세,함경북도,청진시,2025년,"여성, 1968년생",▶,아예 없어요,,해당 어휘가 아예 없다고 함.,20606,4362747,4363707,4362.747,4363.707
156,간나,함경북도,계집아이,상세,함경북도,청진시,2025년,"여성, 1968년생",▶,간나라고,,,20610,4396627,4397641,4396.627,4397.641
157,간나,함경북도,계집아이,상세,함경북도,청진시,2025년,"여성, 1968년생",▶,간나라고,,,20610,4410747,4411947,4410.747,4411.947
158,간나,함경북도,계집아이,상세,함경북도,청진시,2025년,"여성, 1968년생",▶,간나라는 말을 못 들어봤어요,,,20610,4420880,4422987,4420.88,4422.987
159,간나,함경북도,계집아이,상세,함경북도,청진시,2025년,"여성, 1968년생",▶,이 간나,,,20610,4427827,4428760,4427.827,4428.76
160,간나,함경북도,계집아이,상세,함경북도,청진시,2025년,"여성, 1968년생",▶,다 이 간나 저 간나 하는 거예요,,,20610,4440561,4442241,4440.561,4442.241
161,간나,함경북도,계집아이,상세,함경북도,청진시,2025년,"여성, 1968년생",▶,간나,,,20610,4446080,4446787,4446.08,4446.787
162,갈라,함경북도,계집아이,상세,함경북도,청진시,2025년,"여성, 1968년생",▶,갈라,,,20610,4446827,4447827,4446.827,4447.827
163,간나,함경북도,계집아이,상세,함경북도,청진시,2025년,"여성, 1968년생",▶,간나가,,,20610,4450201,4451401,4450.201,4451.401
164,갈라,함경북도,계집아이,상세,함경북도,청진시,2025년,"여성, 1968년생",▶,갈라,,,20610,4455334,4456094,4455.334,4456.094
165,갈라,함경북도,계집아이,상세,함경북도,청진시,2025년,"여성, 1968년생",▶,갈라예요,,,20610,4456761,4457641,4456.761,4457.641
166,간나새끼,함경북도,계집아이,상세,함경북도,청진시,2025년,"여성, 1968년생",▶,간나새끼,,,20610,4468694,4469920,4468.694,4469.92
167,간나,함경북도,계집아이,상세,함경북도,청진시,2025년,"여성, 1968년생",▶,간나란 말이,,,20610,4503373,4504280,4503.373,4504.28
168,눕히다,함경북도,눕히다,상세,함경북도,청진시,2025년,"여성, 1968년생",▶,눕혀 놓는다,,,20612,4693787,4694934,4693.787,4694.934
169,눕히다,함경북도,눕히다,상세,함경북도,청진시,2025년,"여성, 1968년생",▶,눕헸다,,,20612,4706840,4708040,4706.84,4708.04
170,할머이,함경북도,할머니,상세,함경북도,청진시,2025년,"여성, 1968년생",▶,할머이,'ㅓ'가 'ㅗ'처럼 실현되어 '머'가 '모'처럼 들림,,20704,4731987,4733054,4731.987,4733.054
171,할머이,함경북도,할머니,상세,함경북도,청진시,2025년,"여성, 1968년생",▶,할머이,,,20704,4738147,4739014,4738.147,4739.014
172,아매,함경북도,할머니,상세,함경북도,청진시,2025년,"여성, 1968년생",▶,아매,'아매'는 '할머니'를 낮잡아 부르는 말이라고 함.,,20704,4748747,4749694,4748.747,4749.694
173,할머이,함경북도,할머니,상세,함경북도,청진시,2025년,"여성, 1968년생",▶,할머이,'할머이'는 ('아매'와 달리) 좀 높여 부르는 말이라고 함.,,20704,4755347,4756401,4755.347,4756.401
174,형,함경북도,형,상세,함경북도,청진시,2025년,"여성, 1968년생",▶,형이라고 부르죠,,,20705,4793667,4795347,4793.667,4795.347
175,형,함경북도,형,상세,함경북도,청진시,2025년,"여성, 1968년생",▶,형,,,20705,4795581,4796407,4795.581,4796.407
176,형,함경북도,형,상세,함경북도,청진시,2025년,"여성, 1968년생",▶,형,'ㅕ'가 'ㅛ'처럼 실현되어 '형'이 '횽'에 가깝게 들림.,,20705,4798721,4799561,4798.721,4799.561
177,헹님,함경북도,형,상세,함경북도,청진시,2025년,"여성, 1968년생",▶,헹님,'헹님'은 사투리라고 함.,,20705,4801761,4802521,4801.761,4802.521
178,헹님,함경북도,형,상세,함경북도,청진시,2025년,"여성, 1968년생",▶,헹님,,,20705,4803907,4804533,4803.907,4804.533
179,사위,함경북도,사위,상세,함경북도,청진시,2025년,"여성, 1968년생",▶,사위,'위'가 이중모음 [wi]로 발음됨.,,20718,4833907,4834787,4833.907,4834.787
180,사위,함경북도,사위,상세,함경북도,청진시,2025년,"여성, 1968년생",▶,사위,'위'가 이중모음 [wi]로 발음됨.,,20718,4835607,4836647,4835.607,4836.647
181,사위,함경북도,사위,상세,함경북도,청진시,2025년,"여성, 1968년생",▶,사위,'위'가 이중모음 [wi]로 발음됨,,20718,4837841,4838961,4837.841,4838.961
182,사위,함경북도,사위,상세,함경북도,청진시,2025년,"여성, 1968년생",▶,사위가,'위'가 이중모음 [wi]로 발음됨,,20718,4858467,4859094,4858.467,4859.094
183,호미깡대,함경북도,호미,상세,함경북도,청진시,2025년,"여성, 1968년생",▶,호미깡대라고 하죠,,,21105,4884947,4886521,4884.947,4886.521
184,호미,함경북도,호미,상세,함경북도,청진시,2025년,"여성, 1968년생",▶,호미라고도 불러요,,,21105,4888248,4889754,4888.248,4889.754
185,호미깡대,함경북도,호미,상세,함경북도,청진시,2025년,"여성, 1968년생",▶,야! 거 호미깡대 가죠:나,,,21105,4890635,4892435,4890.635,4892.435
186,호미깡대,함경북도,호미,상세,함경북도,청진시,2025년,"여성, 1968년생",▶,호미깡대르 가져오라,,,21105,4895275,4896782,4895.275,4896.782
187,호미,함경북도,호미,상세,함경북도,청진시,2025년,"여성, 1968년생",▶,호미 가죠:라,,,21105,4904333,4904947,4904.333,4904.947
188,호미깡대,함경북도,호미,상세,함경북도,청진시,2025년,"여성, 1968년생",▶,호미깡대르 가져오라,'호미'라는 말도 쓰지만 '호미깡대'라는 말을 더 일반적으로 씀.,,21105,4907174,4908561,4907.174,4908.561
189,호미깡대,함경북도,호미,상세,함경북도,청진시,2025년,"여성, 1968년생",▶,호미깡대 가죠:나,,,21105,4917734,4919268,4917.734,4919.268
190,꽃제비,함경북도,거지,상세,함경북도,청진시,2025년,"여성, 1968년생",▶,꽃제비라 하죠,,,21201,4927934,4929147,4927.934,4929.147
191,꽃제비,함경북도,거지,상세,함경북도,청진시,2025년,"여성, 1968년생",▶,꽃제비 꽃제비,,,21201,4929454,4930707,4929.454,4930.707
192,거러지,함경북도,거지,상세,함경북도,청진시,2025년,"여성, 1968년생",▶,거러지라고도 하지마는,,,21201,4933074,4934594,4933.074,4934.594
193,거러지,함경북도,거지,상세,함경북도,청진시,2025년,"여성, 1968년생",▶,거러지,,,21201,4934627,4935787,4934.627,4935.787
194,거러지,함경북도,거지,상세,함경북도,청진시,2025년,"여성, 1968년생",▶,거러지,,,21201,4936761,4937547,4936.761,4937.547
195,꽃제비,함경북도,거지,상세,함경북도,청진시,2025년,"여성, 1968년생",▶,꽃제비는,최근(90년대 이후)에 나온 말이라고 함. 러시아어에서 유래한 말.,,21201,4945587,4946827,4945.587,4946.827
196,거지,함경북도,거지,상세,함경북도,청진시,2025년,"여성, 1968년생",▶,거지,,,21201,4961734,4962561,4961.734,4962.561
197,거러지,함경북도,거지,상세,함경북도,청진시,2025년,"여성, 1968년생",▶,거러지,,,21201,4962681,4963721,4962.681,4963.721
198,비렁배,함경북도,거지,상세,함경북도,청진시,2025년,"여성, 1968년생",▶,비렁배,,,21201,4967307,4968414,4967.307,4968.414
199,비렁배,함경북도,거지,상세,함경북도,청진시,2025년,"여성, 1968년생",▶,비렁배,,,21201,4970440,4971387,4970.44,4971.387
200,비렁배,함경북도,거지,상세,함경북도,청진시,2025년,"여성, 1968년생",▶,비렁배 같은 새끼,,,21201,4975707,4977494,4975.707,4977.494
201,짚신,함경북도,짚신,상세,함경북도,청진시,2025년,"여성, 1968년생",▶,짚신이죠,,,21409,4992121,4993268,4992.121,4993.268
202,짚신,함경북도,짚신,상세,함경북도,청진시,2025년,"여성, 1968년생",▶,짚신,'신'의 'ㅅ[ㅆ]'이 치조음으로 발음됨.,,21409,4994194,4994941,4994.194,4994.941
203,짚신,함경북도,짚신,상세,함경북도,청진시,2025년,"여성, 1968년생",▶,짚신,,,21409,4998320,4999054,4998.32,4999.054
204,가새,함경북도,가위,상세,함경북도,청진시,2025년,"여성, 1968년생",▶,가새,,,21501,5007334,5008001,5007.334,5008.001
205,가새,함경북도,가위,상세,함경북도,청진시,2025년,"여성, 1968년생",▶,가새,,,21501,5010101,5010634,5010.101,5010.634
206,가새,함경북도,가위,상세,함경북도,청진시,2025년,"여성, 1968년생",▶,가새 가져오나,,,21501,5021467,5022814,5021.467,5022.814
207,가새,함경북도,가위,상세,함경북도,청진시,2025년,"여성, 1968년생",▶,거 어디에 가새 있다,,,21501,5023720,5025374,5023.72,5025.374
208,가새,함경북도,가위,상세,함경북도,청진시,2025년,"여성, 1968년생",▶,가새에요,,,21501,5026801,5027708,5026.801,5027.708
209,건데기,함경북도,건더기,상세,함경북도,청진시,2025년,"여성, 1968년생",▶,건데기,,,21610,5042081,5042801,5042.081,5042.801
210,건지,함경북도,건더기,상세,함경북도,청진시,2025년,"여성, 1968년생",▶,건지,,,21610,5048134,5049147,5048.134,5049.147
211,건지,함경북도,건더기,상세,함경북도,청진시,2025년,"여성, 1968년생",▶,건지,,,21610,5049681,5050547,5049.681,5050.547
212,건지,함경북도,건더기,상세,함경북도,청진시,2025년,"여성, 1968년생",▶,건지를 좀 더 달라,,,21610,5074788,5076414,5074.788,5076.414
213,건지,함경북도,건더기,상세,함경북도,청진시,2025년,"여성, 1968년생",▶,건지,,,21610,5077308,5078308,5077.308,5078.308
214,국건지,함경북도,건더기,상세,함경북도,청진시,2025년,"여성, 1968년생",▶,국건지,,,21610,5078402,5079268,5078.402,5079.268
215,건데기,함경북도,건더기,상세,함경북도,청진시,2025년,"여성, 1968년생",▶,건데기,'ㅓ'가 원순성을 지녀 'ㅗ'에 가깝게 발음됨. '건데기'가 '곤데기'에 가깝게 들림.,,21610,5088947,5089827,5088.947,5089.827
216,건지,함경북도,건더기,상세,함경북도,청진시,2025년,"여성, 1968년생",▶,건지,,,21610,5089861,5090514,5089.861,5090.514
217,메밀,함경북도,메밀,상세,함경북도,청진시,2025년,"여성, 1968년생",▶,메밀이구,,,21617,5106360,5107560,5106.36,5107.56
218,메밀,함경북도,메밀,상세,함경북도,청진시,2025년,"여성, 1968년생",▶,메밀,,,21617,5121080,5121614,5121.08,5121.614
219,메밀,함경북도,메밀,상세,함경북도,청진시,2025년,"여성, 1968년생",▶,구냥 메밀루 많이 통하긴 하는데,,,21617,5132934,5135414,5132.934,5135.414
220,보리질금,함경북도,엿기름,상세,함경북도,청진시,2025년,"여성, 1968년생",▶,보리질금,'ㅡ'가 'ㅜ'에 가깝게 실현되어 '금'이 '굼'처럼 들림.,,21618,5167167,5168220,5167.167,5168.22
221,보리질금,함경북도,엿기름,상세,함경북도,청진시,2025년,"여성, 1968년생",▶,보리질금,'ㅡ'가 'ㅜ'에 가깝게 실현되어 '금'이 '굼'처럼 들림,,21618,5169094,5170094,5169.094,5170.094
222,보리질금,함경북도,엿기름,상세,함경북도,청진시,2025년,"여성, 1968년생",▶,보리질금이라고,,,21618,5171121,5172454,5171.121,5172.454
223,보리길금,함경북도,엿기름,상세,함경북도,청진시,2025년,"여성, 1968년생",▶,보리길금을,,,21618,5185667,5187614,5185.667,5187.614
224,보리질금,함경북도,엿기름,상세,함경북도,청진시,2025년,"여성, 1968년생",▶,보리질금,,,21618,5204067,5205280,5204.067,5205.28
225,보리길굼,함경북도,엿기름,상세,함경북도,청진시,2025년,"여성, 1968년생",▶,보리길굼인데,,,21618,5205308,5206561,5205.308,5206.561
226,보리질금,함경북도,엿기름,상세,함경북도,청진시,2025년,"여성, 1968년생",▶,보리질금,,,21618,5206874,5207968,5206.874,5207.968
227,엿길금,함경북도,엿기름,상세,함경북도,청진시,2025년,"여성, 1968년생",▶,엿길금,,,21618,5220387,5221241,5220.387,5221.241
228,엿길금,함경북도,엿기름,상세,함경북도,청진시,2025년,"여성, 1968년생",▶,엿길금,'ㅡ'가 'ㅜ'에 가깝게 실현되어 '금'이 '굼'처럼 들림,,21618,5230694,5231654,5230.694,5231.654
229,엿길금,함경북도,엿기름,상세,함경북도,청진시,2025년,"여성, 1968년생",▶,엿길금을 많이 써요,'ㅡ'가 'ㅜ'에 가깝게 실현되어 '금'이 '굼'처럼 들림,,21618,5231794,5233501,5231.794,5233.501
230,엿길금,함경북도,엿기름,상세,함경북도,청진시,2025년,"여성, 1968년생",▶,엿길금,,,21618,5233521,5234201,5233.521,5234.201
231,엿길금,함경북도,엿기름,상세,함경북도,청진시,2025년,"여성, 1968년생",▶,엿길금을,,,21618,5252427,5253227,5252.427,5253.227
232,고칫갈기,함경북도,고춧가루,상세,함경북도,청진시,2025년,"여성, 1968년생",▶,고칫갈기지,,,21619,5269601,5270761,5269.601,5270.761
233,고칫갈기,함경북도,고춧가루,상세,함경북도,청진시,2025년,"여성, 1968년생",▶,고칫갈기,,,21619,5270788,5271548,5270.788,5271.548
234,고칫갈기,함경북도,고춧가루,상세,함경북도,청진시,2025년,"여성, 1968년생",▶,고칫갈기,,,21619,5282854,5283974,5282.854,5283.974
235,고칫가르,함경북도,고춧가루,상세,함경북도,청진시,2025년,"여성, 1968년생",▶,고칫가르 많이 옇어라 이리지,,,21619,5303067,5304920,5303.067,5304.92
236,닭알,함경북도,달걀,상세,함경북도,청진시,2025년,"여성, 1968년생",▶,닭알이락 하지,닭알[다갈],,21620,5334294,5335534,5334.294,5335.534
237,닭알,함경북도,달걀,상세,함경북도,청진시,2025년,"여성, 1968년생",▶,닭알,닭알[다갈],,21620,5335534,5336654,5335.534,5336.654
238,콩나물,함경북도,콩나물,상세,함경북도,청진시,2025년,"여성, 1968년생",▶,콩나물,,,21712,5352414,5353361,5352.414,5353.361
239,콘나물,함경북도,콩나물,상세,함경북도,청진시,2025년,"여성, 1968년생",▶,콘나물,,,21712,5354040,5355507,5354.04,5355.507
240,시루,함경북도,시루,상세,함경북도,청진시,2025년,"여성, 1968년생",▶,시루,,,21803,5361748,5362401,5361.748,5362.401
241,시루,함경북도,시루,상세,함경북도,청진시,2025년,"여성, 1968년생",▶,콩나물시루,,,21803,5363241,5364428,5363.241,5364.428
242,콩나물,함경북도,콩나물,상세,함경북도,청진시,2025년,"여성, 1968년생",▶,콩나물,,,21712,5418854,5420081,5418.854,5420.081
243,콩나물,함경북도,콩나물,상세,함경북도,청진시,2025년,"여성, 1968년생",▶,콩나물은,,,21712,5426041,5426761,5426.041,5426.761
244,콩나물,함경북도,콩나물,상세,함경북도,청진시,2025년,"여성, 1968년생",▶,콩나물반찬은 니가 하고,,,21712,5444814,5446307,5444.814,5446.307
245,시루,함경북도,시루,상세,함경북도,청진시,2025년,"여성, 1968년생",▶,시루죠 시루,,,21803,5480081,5481081,5480.081,5481.081
246,시루,함경북도,시루,상세,함경북도,청진시,2025년,"여성, 1968년생",▶,떡시루,,,21803,5481681,5482348,5481.681,5482.348
247,시룻대,함경북도,시루,상세,함경북도,청진시,2025년,"여성, 1968년생",▶,시룻대라,,,21803,5500614,5501574,5500.614,5501.574
248,시룻대,함경북도,시루,상세,함경북도,청진시,2025년,"여성, 1968년생",▶,야! 시룻대 가져오나,,,21803,5507934,5509214,5507.934,5509.214
249,시루,함경북도,시루,상세,함경북도,청진시,2025년,"여성, 1968년생",▶,시루죠,,,21803,5537627,5538560,5537.627,5538.56
250,뚜껑,함경북도,뚜껑,상세,함경북도,청진시,2025년,"여성, 1968년생",▶,그냥 뚜껑이라고 하는데,,,21804,5562547,5564107,5562.547,5564.107
251,가매뚜껑,함경북도,뚜껑,상세,함경북도,청진시,2025년,"여성, 1968년생",▶,가매뚜껑,,,21804,5568854,5569854,5568.854,5569.854
252,가매뚜껑,함경북도,뚜껑,상세,함경북도,청진시,2025년,"여성, 1968년생",▶,가매뚜껑,,,21804,5572774,5573694,5572.774,5573.694
253,덮개,함경북도,뚜껑,상세,함경북도,청진시,2025년,"여성, 1968년생",▶,독은 덮개라고 하는 것 같애요,'독'의 뚜껑은 '덮개'라고 하는 것 같다고 함.,,21804,5576854,5579801,5576.854,5579.801
254,덮개,함경북도,뚜껑,상세,함경북도,청진시,2025년,"여성, 1968년생",▶,독운 더깨,'독'의 뚜껑은 '덮개'라고 함. '독'의 'ㅗ'의 개구도가 큼. '독은'이 '독운'으로 원순모음화됨. '덮개'의 말음이 약화 혹은 탈락되어 [더깨]처럼 발음됨.,,21804,5581827,5583294,5581.827,5583.294
255,덮개,함경북도,뚜껑,상세,함경북도,청진시,2025년,"여성, 1968년생",▶,그 독에다 더깨를 덮어라 응?,'덮개'의 말음이 약화 혹은 탈락되어 [더깨]처럼 발음됨,,21804,5594774,5597040,5594.774,5597.04
256,가매뚜껑,함경북도,뚜껑,상세,함경북도,청진시,2025년,"여성, 1968년생",▶,가매뚜껑,'가마'의 뚜껑은 '가매뚜껑'이라고 함.,,21804,5601641,5602774,5601.641,5602.774
257,오이,함경북도,오이,상세,함경북도,청진시,2025년,"여성, 1968년생",▶,오이죠,'오'의 개구도가 커서 '어'처럼 들림.,,21905,5684214,5685000,5684.214,5685.0
258,오이,함경북도,오이,상세,함경북도,청진시,2025년,"여성, 1968년생",▶,오이,'오'의 개구도가 커서 '어'처럼 들림.,,21905,5685027,5685521,5685.027,5685.521
259,오이,함경북도,오이,상세,함경북도,청진시,2025년,"여성, 1968년생",▶,오이,'오'의 개구도가 커서 '어'처럼 들림.,,21905,5694107,5694600,5694.107,5694.6
260,오이,함경북도,오이,상세,함경북도,청진시,2025년,"여성, 1968년생",▶,오이하구,,,21905,5721401,5722388,5721.401,5722.388
261,오이,함경북도,오이,상세,함경북도,청진시,2025년,"여성, 1968년생",▶,오이라구 불러요,"'왜'에 대해 묻자, '왜'라고도 하지만 주로 '오이'라고 부른다고 함.",,21905,5730494,5732187,5730.494,5732.187
262,왜,함경북도,오이,상세,함경북도,청진시,2025년,"여성, 1968년생",▶,왜라구,"'왜'라고 노인들이 부르는 경우가 있긴 있는데, 일반적으로 '오이'라고 함.",,21905,5745974,5746814,5745.974,5746.814
263,무꾸,함경북도,무,상세,함경북도,청진시,2025년,"여성, 1968년생",▶,무꾸,,,21906,5766587,5767614,5766.587,5767.614
264,무시,함경북도,무,상세,함경북도,청진시,2025년,"여성, 1968년생",▶,무시,,,21906,5768987,5770040,5768.987,5770.04
265,무우,함경북도,무,상세,함경북도,청진시,2025년,"여성, 1968년생",▶,무우,,,21906,5770120,5771280,5770.12,5771.28
266,무꾸,함경북도,무,상세,함경북도,청진시,2025년,"여성, 1968년생",▶,무꾸,,,21906,5778494,5779268,5778.494,5779.268
267,노베무꾸,함경북도,무,상세,함경북도,청진시,2025년,"여성, 1968년생",▶,노베무꾸,'노'의 'ㅗ'의 개구도가 커서 'ㅓ'처럼 들림.,,21906,5783134,5784601,5783.134,5784.601
268,무끼,함경북도,무,상세,함경북도,청진시,2025년,"여성, 1968년생",▶,무끼라고 쓰지 머,,,21905,5791108,5792468,5791.108,5792.468
269,무우,함경북도,무,상세,함경북도,청진시,2025년,"여성, 1968년생",▶,무우는,'무우'는 교과서에 나오는 말이라고 함.,,21906,5799507,5800867,5799.507,5800.867
270,무꾸,함경북도,무,상세,함경북도,청진시,2025년,"여성, 1968년생",▶,무꾸,'무꾸'는 일반적으로 함경도 사람들이 쓰는 말이라고 함.,,21906,5808227,5809454,5808.227,5809.454
271,무끼,함경북도,무,상세,함경북도,청진시,2025년,"여성, 1968년생",▶,무끼,'무꾸'나 '무끼'가 상황에 따라 쓰인다고 함.,,21906,5811247,5812154,5811.247,5812.154
272,무끼,함경북도,무,상세,함경북도,청진시,2025년,"여성, 1968년생",▶,"야, 무끼밭이 가자",,,21906,5812187,5813867,5812.187,5813.867
273,무꾸,함경북도,무,상세,함경북도,청진시,2025년,"여성, 1968년생",▶,"야, 우리 무꾸 먹을까?","대격 조사와 결합한 형태가 '무꾸'로 실현됨. 단, 단독형으로도 '무꾸'가 출현함.",,21906,5814981,5817087,5814.981,5817.087
274,무끼,함경북도,무,상세,함경북도,청진시,2025년,"여성, 1968년생",▶,무끼 먹을까?,,,21906,5817614,5818801,5817.614,5818.801
275,"무꾸, 무끼",함경북도,무,상세,함경북도,청진시,2025년,"여성, 1968년생",▶,"무꾸를 무끼, 무꾸 이릏게 혼용해서 썼어요",,,21906,5821094,5825427,5821.094,5825.427
276,"무꾸, 무시",함경북도,무,상세,함경북도,청진시,2025년,"여성, 1968년생",▶,주로는 무꾸를 많이 썼어요 무시보다는,'무시'보다는 주로 '무꾸'를 많이 썼다고 함.,,21906,5831494,5834467,5831.494,5834.467
277,무끼,함경북도,무,상세,함경북도,청진시,2025년,"여성, 1968년생",▶,무끼설기 해 먹을까?,'무끼설기'는 '무를 채칼 쳐서 가루를 묻혀서 찐 음식'을 가리킴.,,21906,5839307,5840694,5839.307,5840.694
278,무끼,함경북도,무,상세,함경북도,청진시,2025년,"여성, 1968년생",▶,무끼설기,,,21906,5850761,5851787,5850.761,5851.787
279,쏠,함경북도,부추,상세,함경북도,청진시,2025년,"여성, 1968년생",▶,기게 쏠이에요,,,21908,5863574,5864614,5863.574,5864.614
280,쏠,함경북도,부추,상세,함경북도,청진시,2025년,"여성, 1968년생",▶,쏠,,,21908,5864821,5865314,5864.821,5865.314
281,쏠,함경북도,부추,상세,함경북도,청진시,2025년,"여성, 1968년생",▶,쏠,'ㅗ'의 개구도가 커서 'ㅓ'에 가깝게 실현됨,,21908,5869607,5870274,5869.607,5870.274
282,쏠,함경북도,부추,상세,함경북도,청진시,2025년,"여성, 1968년생",▶,쏠,,,21908,5870907,5871694,5870.907,5871.694
283,염지,함경북도,부추,상세,함경북도,청진시,2025년,"여성, 1968년생",▶,염지,,,21908,5874628,5875601,5874.628,5875.601
284,염지,함경북도,부추,상세,함경북도,청진시,2025년,"여성, 1968년생",▶,염지 염지,,,21908,5878481,5879561,5878.481,5879.561
285,염지,함경북도,부추,상세,함경북도,청진시,2025년,"여성, 1968년생",▶,염지,,,21908,5881161,5882414,5881.161,5882.414
286,쏠,함경북도,부추,상세,함경북도,청진시,2025년,"여성, 1968년생",▶,쏠,,,21908,5883054,5883854,5883.054,5883.854
287,쏠,함경북도,부추,상세,함경북도,청진시,2025년,"여성, 1968년생",▶,쏠이라 불렀어요,"'쏠'과 '염지' 둘 다 쓰이는데, 제보자의 지역에서는 주로 '쏠'이라 불렀다고 함.",,21908,5888827,5890320,5888.827,5890.32
288,쏠,함경북도,부추,상세,함경북도,청진시,2025년,"여성, 1968년생",▶,쏠,,,21908,5890353,5891420,5890.353,5891.42
289,시래기,함경북도,시래기,상세,함경북도,청진시,2025년,"여성, 1968년생",▶,시래기,,,21912,5905387,5906227,5905.387,5906.227
290,시래기,함경북도,시래기,상세,함경북도,청진시,2025년,"여성, 1968년생",▶,시래기,,,21912,5906321,5907201,5906.321,5907.201
291,시래기,함경북도,시래기,상세,함경북도,청진시,2025년,"여성, 1968년생",▶,시래기라고,,,21912,5907808,5909381,5907.808,5909.381
292,시라지,함경북도,시래기,상세,함경북도,청진시,2025년,"여성, 1968년생",▶,시라지,,,21912,5909841,5910948,5909.841,5910.948
293,시라지,함경북도,시래기,상세,함경북도,청진시,2025년,"여성, 1968년생",▶,시라지,,,21912,5911028,5912068,5911.028,5912.068
294,'시래기'와 '시라지' 중 주로 '시라지'라고 쓴다고 함.,함경북도,시래기,상세,함경북도,청진시,2025년,"여성, 1968년생",▶,주로는 시라지라고 써요,,,21912,5912888,5914755,5912.888,5914.755
295,무끼시라지,함경북도,시래기,상세,함경북도,청진시,2025년,"여성, 1968년생",▶,무끼시라지,,,21912,5925267,5926467,5925.267,5926.467
296,배추시라지,함경북도,시래기,상세,함경북도,청진시,2025년,"여성, 1968년생",▶,배추시라지,,,21912,5926514,5927661,5926.514,5927.661
297,무꾸시라지,함경북도,시래기,상세,함경북도,청진시,2025년,"여성, 1968년생",▶,무꾸시라지가,,,21912,5937481,5938441,5937.481,5938.441
298,시라지,함경북도,시래기,상세,함경북도,청진시,2025년,"여성, 1968년생",▶,시라지,,,21912,5943014,5943947,5943.014,5943.947
299,시라지,함경북도,시래기,상세,함경북도,청진시,2025년,"여성, 1968년생",▶,시라지 시라지,일반적으로 쓰는 말이 '시라지'라고 함.,,21912,5959254,5961054,5959.254,5961.054
300,부수깨,함경북도,아궁이,상세,함경북도,청진시,2025년,"여성, 1968년생",▶,부수깨,,,22102,5973654,5974294,5973.654,5974.294
301,부수깨,함경북도,아궁이,상세,함경북도,청진시,2025년,"여성, 1968년생",▶,부수깨,,,22102,5979854,5980707,5979.854,5980.707
302,부수깨,함경북도,아궁이-에,상세,함경북도,청진시,2025년,"여성, 1968년생",▶,부수깨에다,,,22102,6011667,6012707,6011.667,6012.707
303,부수깨,함경북도,아궁이-에,상세,함경북도,청진시,2025년,"여성, 1968년생",▶,야! 부수깨에다 불 피아라!,,,22102,6012727,6014647,6012.727,6014.647
304,궁게,함경북도,구멍,상세,함경북도,청진시,2025년,"여성, 1968년생",▶,궁게를,,,22103,6084441,6085094,6084.441,6085.094
305,궁게,함경북도,구멍,상세,함경북도,청진시,2025년,"여성, 1968년생",▶,궁게,,,22103,6086067,6086720,6086.067,6086.72
306,궁게,함경북도,구멍,상세,함경북도,청진시,2025년,"여성, 1968년생",▶,궁게,,,22103,6087373,6088187,6087.373,6088.187
307,궁게,함경북도,구멍,상세,함경북도,청진시,2025년,"여성, 1968년생",▶,궁게를 뚧어서,,,22103,6088307,6089480,6088.307,6089.48
308,궁게,함경북도,구멍,상세,함경북도,청진시,2025년,"여성, 1968년생",▶,궁게,,,22103,6093747,6094467,6093.747,6094.467
309,궁게,함경북도,구멍,상세,함경북도,청진시,2025년,"여성, 1968년생",▶,구멍을 궁게,'구멍'의 'ㅓ'를 'ㅗ'처럼 발음하여 '구몽'처럼 들림.,,22103,6095207,6096621,6095.207,6096.621
310,궁게,함경북도,구멍,상세,함경북도,청진시,2025년,"여성, 1968년생",▶,궁게 크다고 하죠,,,22103,6109948,6111948,6109.948,6111.948
311,궁게,함경북도,구멍,상세,함경북도,청진시,2025년,"여성, 1968년생",▶,긍게 쿠다,"'궁게'의 'ㅜ'가 'ㅡ'에 가깝게 실현되고, '크다'의 'ㅡ'는 'ㅜ'에 가깝게 실현되어, '긍게 쿠다'처럼 들림.",,22103,6112081,6113201,6112.081,6113.201
312,끄스름,함경북도,그을음,상세,함경북도,청진시,2025년,"여성, 1968년생",▶,끄스름이죠,,,22105,6142560,6143747,6142.56,6143.747
313,끄스름,함경북도,그을음,상세,함경북도,청진시,2025년,"여성, 1968년생",▶,꾸수룸,'ㅡ'가 'ㅜ'처럼 실현됨.,,22105,6143907,6144667,6143.907,6144.667
314,끄스름,함경북도,그을음,상세,함경북도,청진시,2025년,"여성, 1968년생",▶,끄스름인데,,,22105,6153520,6154667,6153.52,6154.667
315,끄스러미,함경북도,그을음,상세,함경북도,청진시,2025년,"여성, 1968년생",▶,끄스러미,,,22105,6163347,6164094,6163.347,6164.094
316,끄스르미,함경북도,그을음,상세,함경북도,청진시,2025년,"여성, 1968년생",▶,끄스르미,,,22105,6164127,6164927,6164.127,6164.927
317,끄스럼,함경북도,그을음,상세,함경북도,청진시,2025년,"여성, 1968년생",▶,야! 니 얼굴에 끄스럼 묻었다,,,22105,6168067,6170107,6168.067,6170.107
318,끄스럼,함경북도,그을음,상세,함경북도,청진시,2025년,"여성, 1968년생",▶,끄스럼이라고 해요,,,22105,6174547,6175840,6174.547,6175.84
319,벤소,함경북도,변소,상세,함경북도,청진시,2025년,"여성, 1968년생",▶,벤소라고 하죠,,,22109,6188574,6190028,6188.574,6190.028
320,변소,함경북도,변소,상세,함경북도,청진시,2025년,"여성, 1968년생",▶,변소라고 해요,,,22109,6191388,6192601,6191.388,6192.601
321,변소칸,함경북도,변소,상세,함경북도,청진시,2025년,"여성, 1968년생",▶,변소카이라 하지요,,,22109,6203628,6204854,6203.628,6204.854
322,변소칸,함경북도,변소,상세,함경북도,청진시,2025년,"여성, 1968년생",▶,변소칸,,,22109,6204861,6205581,6204.861,6205.581
323,변소칸,함경북도,변소,상세,함경북도,청진시,2025년,"여성, 1968년생",▶,변소칸,"문화어는 '변소', '위생실'. '위생실'은 최근에 사용되는 문화어. 일반 주민들은 주로 '변소칸'이나 '변소'를 쓴다고 함.",,22109,6258187,6258854,6258.187,6258.854
324,변소,함경북도,변소,상세,함경북도,청진시,2025년,"여성, 1968년생",▶,변소,,,22109,6258900,6259567,6258.9,6259.567
325,새끼,함경북도,새끼,상세,함경북도,청진시,2025년,"여성, 1968년생",▶,새끼라고 하고,,,22202,6271347,6272707,6271.347,6272.707
326,새끼줄,함경북도,새끼,상세,함경북도,청진시,2025년,"여성, 1968년생",▶,새끼줄,,,22202,6272727,6273474,6272.727,6273.474
327,새끼퉁구리,함경북도,새끼,상세,함경북도,청진시,2025년,"여성, 1968년생",▶,새끼퉁구리,'새끼퉁구리'는 볏짚을 꼬아서 퉁구리를 만든 것 자체를 가리킴.,,22202,6276241,6277308,6276.241,6277.308
328,새끼퉁구리,함경북도,새끼,상세,함경북도,청진시,2025년,"여성, 1968년생",▶,새끼퉁구리,,,22202,6278408,6279661,6278.408,6279.661
329,새끼줄,함경북도,새끼,상세,함경북도,청진시,2025년,"여성, 1968년생",▶,새끼줄,,,22202,6281854,6282681,6281.854,6282.681
330,새끼퉁구리,함경북도,새끼,상세,함경북도,청진시,2025년,"여성, 1968년생",▶,새끼퉁구리라고 하죠,,,22202,6292427,6293934,6292.427,6293.934
331,새끼,함경북도,새끼,상세,함경북도,청진시,2025년,"여성, 1968년생",▶,새끼 꼰다,,,22202,6298361,6299187,6298.361,6299.187
332,새끼,함경북도,새끼,상세,함경북도,청진시,2025년,"여성, 1968년생",▶,새끼를,,,22202,6309201,6309854,6309.201,6309.854
333,새끼,함경북도,새끼,상세,함경북도,청진시,2025년,"여성, 1968년생",▶,새끼 꼰다고 하거든요,,,22202,6322947,6324600,6322.947,6324.6
334,새끼퉁구리,함경북도,새끼,상세,함경북도,청진시,2025년,"여성, 1968년생",▶,새끼퉁구리,,,22202,6330148,6331228,6330.148,6331.228
335,따바리,함경북도,똬리,상세,함경북도,청진시,2025년,"여성, 1968년생",▶,따바리,,,22203,6353174,6354094,6353.174,6354.094
336,따바리,함경북도,똬리,상세,함경북도,청진시,2025년,"여성, 1968년생",▶,따바리,,,22203,6355027,6356054,6355.027,6356.054
337,따바리,함경북도,똬리,상세,함경북도,청진시,2025년,"여성, 1968년생",▶,따바리르,,,22203,6387721,6388454,6387.721,6388.454
338,따바리,함경북도,똬리,상세,함경북도,청진시,2025년,"여성, 1968년생",▶,따바리를,,,22203,6400667,6401600,6400.667,6401.6
339,따바리,함경북도,똬리,상세,함경북도,청진시,2025년,"여성, 1968년생",▶,따바리,,,22203,6429894,6430721,6429.894,6430.721
340,곽재,함경북도,갈퀴,상세,함경북도,청진시,2025년,"여성, 1968년생",▶,곽재,,,22206,6435054,6435587,6435.054,6435.587
341,각재,함경북도,갈퀴,상세,함경북도,청진시,2025년,"여성, 1968년생",▶,각재,,,22206,6435594,6436300,6435.594,6436.3
342,곽재,함경북도,갈퀴,상세,함경북도,청진시,2025년,"여성, 1968년생",▶,곽재,,,22206,6437068,6437908,6437.068,6437.908
343,쇠수랑,함경북도,갈퀴,상세,함경북도,청진시,2025년,"여성, 1968년생",▶,쇠수랑이라구,'쇠'의 'ㅚ'가 이중모음 'ㅙ'로 발음됨.,,20226,6442494,6443454,6442.494,6443.454
344,섀수랑,함경북도,갈퀴,상세,함경북도,청진시,2025년,"여성, 1968년생",▶,섀수랑,,,20226,6444274,6445114,6444.274,6445.114
345,쇠수랑,함경북도,갈퀴,상세,함경북도,청진시,2025년,"여성, 1968년생",▶,쇠수랑,'쇠'의 'ㅚ'가 이중모음 'ㅙ'로 발음됨.,,20226,6445600,6447000,6445.6,6447.0
346,곽재,함경북도,갈퀴,상세,함경북도,청진시,2025년,"여성, 1968년생",▶,곽재,,,20226,6449601,6450641,6449.601,6450.641
347,살각재,함경북도,갈퀴,상세,함경북도,청진시,2025년,"여성, 1968년생",▶,살각재,'재'의 'ㅈ[ㅉ]'이 치조음으로 발음됨.,,20226,6451275,6452488,6451.275,6452.488
348,곽재,함경북도,갈퀴,상세,함경북도,청진시,2025년,"여성, 1968년생",▶,곽재,'재'의 'ㅈ[ㅉ]'이 치조음으로 발음됨,,20226,6462014,6462961,6462.014,6462.961
349,곽지,함경북도,갈퀴,상세,함경북도,청진시,2025년,"여성, 1968년생",▶,곽지,,,22206,6463948,6464761,6463.948,6464.761
350,'살'이 있는 것은 '살곽재'라고 한다고 함.,함경북도,살곽재,상세,함경북도,청진시,2025년,"여성, 1968년생",▶,살곽재,,,22206,6466761,6467934,6466.761,6467.934
351,살각재,함경북도,갈퀴,상세,함경북도,청진시,2025년,"여성, 1968년생",▶,그거르 이 살가재르 막: 긁는 거예요,,,22206,6476441,6478881,6476.441,6478.881
352,살각재,함경북도,갈퀴,상세,함경북도,청진시,2025년,"여성, 1968년생",▶,살각재를 많이 쑤고,,,22206,6558494,6560520,6558.494,6560.52
353,"사람들이 주로 '살각재'라는 말을 많이 쓰고, '쇠스랑'이라고도 한다고 함.",함경북도,갈퀴,상세,함경북도,청진시,2025년,"여성, 1968년생",▶,쇠수랑이라고도,,,22206,6561607,6562834,6561.607,6562.834
354,새수랑,함경북도,갈퀴,상세,함경북도,청진시,2025년,"여성, 1968년생",▶,새수랑,,,22206,6564800,6565907,6564.8,6565.907
355,새수랑,함경북도,갈퀴,상세,함경북도,청진시,2025년,"여성, 1968년생",▶,새수랑,'ㅚ'가 'ㅐ'처럼 실현됨.,,22206,6575741,6576874,6575.741,6576.874
356,쇠수랑,함경북도,갈퀴,상세,함경북도,청진시,2025년,"여성, 1968년생",▶,쇠수랑,'ㅚ'가 이중모음 'ㅙ'로 발음됨. '쇠스랑'은 아마 문화어일 거라고 함.,,22206,6578028,6579201,6578.028,6579.201
357,키,함경북도,키,상세,함경북도,청진시,2025년,"여성, 1968년생",▶,키죠,,,22219,6596014,6596681,6596.014,6596.681
358,키,함경북도,키,상세,함경북도,청진시,2025년,"여성, 1968년생",▶,키,,,22219,6596681,6597108,6596.681,6597.108
359,키,함경북도,키,상세,함경북도,청진시,2025년,"여성, 1968년생",▶,키질한다,,,22219,6597914,6598901,6597.914,6598.901
360,키,함경북도,키,상세,함경북도,청진시,2025년,"여성, 1968년생",▶,키,,,22219,6599054,6599547,6599.054,6599.547
361,키,함경북도,키,상세,함경북도,청진시,2025년,"여성, 1968년생",▶,키예요,,,22219,6601214,6602000,6601.214,6602.0
362,키,함경북도,키,상세,함경북도,청진시,2025년,"여성, 1968년생",▶,바람이 좋을 때 키질하면,'좋'의 'ㅈ'이 치조음으로 실현됨.,,22219,6605960,6607880,6605.96,6607.88
363,키,함경북도,키,상세,함경북도,청진시,2025년,"여성, 1968년생",▶,바람이 옶으면 키질하기도 사실은 힘들어요,'없'의 'ㅓ'가 'ㅗ'처럼 실현됨.,,22219,6611388,6614121,6611.388,6614.121
364,키,함경북도,키,상세,함경북도,청진시,2025년,"여성, 1968년생",▶,키질하때,'키질할 때'에서 '할'의 말음 ㄹ이 탈락함.,,22219,6616494,6617400,6616.494,6617.4
365,키,함경북도,키,상세,함경북도,청진시,2025년,"여성, 1968년생",▶,키라고 해요,,,22219,6620107,6621321,6620.107,6621.321
366,키,함경북도,키,상세,함경북도,청진시,2025년,"여성, 1968년생",▶,키를 사용할 땐 키질한다,'사용할 때'에서 '할'의 말음 ㄹ이 약화됨.,,22219,6623508,6625494,6623.508,6625.494
367,키,함경북도,키,상세,함경북도,청진시,2025년,"여성, 1968년생",▶,키,,,22219,6629054,6629867,6629.054,6629.867
368,부지깽이,함경북도,부지깽이,상세,함경북도,청진시,2025년,"여성, 1968년생",▶,부지깽이,,,22227,6708001,6708828,6708.001,6708.828
369,부지깽이,함경북도,부지깽이,상세,함경북도,청진시,2025년,"여성, 1968년생",▶,부지깽이가 있어요,,,22227,6711941,6713354,6711.941,6713.354
370,바느질강:주리,함경북도,반짇고리,상세,함경북도,청진시,2025년,"여성, 1968년생",▶,바느질강:주리라고 해요,,,22229,6897988,6899801,6897.988,6899.801
371,바느지강:주리,함경북도,반짇고리,상세,함경북도,청진시,2025년,"여성, 1968년생",▶,야! 그 바느지강:주리 가죠:라,,,22229,6913107,6915094,6913.107,6915.094
372,다듬잇돌,함경북도,다듬잇돌,상세,함경북도,청진시,2025년,"여성, 1968년생",▶,다듬잇돌,,,22230,6935508,6936361,6935.508,6936.361
373,다듬이 돌,함경북도,다듬잇돌,상세,함경북도,청진시,2025년,"여성, 1968년생",▶,다듬이 돌,,,22230,6936454,6937494,6936.454,6937.494
374,다듬이판,함경북도,다듬잇돌,상세,함경북도,청진시,2025년,"여성, 1968년생",▶,다듬이판이죠,"실제 집에서 사용한 것은 '나무'로 만든 것이었으므로, '다듬이판'이라고 함.",,22230,6959587,6960667,6959.587,6960.667
375,다듬이판,함경북도,다듬잇돌,상세,함경북도,청진시,2025년,"여성, 1968년생",▶,다듬이판,,,22230,6964921,6965748,6964.921,6965.748
376,다듬잇돌,함경북도,다듬잇돌,상세,함경북도,청진시,2025년,"여성, 1968년생",▶,이거는 돌이니까 다듬잇돌,사진에 있는 물건은 돌로 만든 것이니 '다듬잇돌'이라고 한다고 함. '돌'의 'ㅗ'의 개구도가 커서 'ㅓ'에 가깝게 들림.,,22230,6966880,6969560,6966.88,6969.56
377,꽹가리,함경북도,꽹과리,상세,함경북도,청진시,2025년,"여성, 1968년생",▶,꽹가리,'꽹과리'를 실제로 보지는 못함. 교과서나 TV에서만 봄.,,22231,6994028,6994974,6994.028,6994.974
378,꽹가리,함경북도,꽹과리,상세,함경북도,청진시,2025년,"여성, 1968년생",▶,꽹가리,,,22231,6995655,6996348,6995.655,6996.348
379,꽹가리,함경북도,꽹과리,상세,함경북도,청진시,2025년,"여성, 1968년생",▶,꽹가리를,,,22231,7014161,7015214,7014.161,7015.214
380,깽가리,함경북도,꽹과리,상세,함경북도,청진시,2025년,"여성, 1968년생",▶,깽가리소리가 나고,,,22231,7020547,7022160,7020.547,7022.16
381,송고송고,함경북도,곤지곤지,상세,함경북도,청진시,2025년,"여성, 1968년생",▶,송고송고 송고송고,,,22405,7035414,7037307,7035.414,7037.307
382,송고,함경북도,곤지곤지,상세,함경북도,청진시,2025년,"여성, 1968년생",▶,송고,,,22405,7037394,7038407,7037.394,7038.407
383,송고송고,함경북도,곤지곤지,상세,함경북도,청진시,2025년,"여성, 1968년생",▶,송고송고 송고송고,,,22405,7038494,7040360,7038.494,7040.36
384,구네,함경북도,그네,상세,함경북도,청진시,2025년,"여성, 1968년생",▶,구네죠,,,22406,7067614,7068388,7067.614,7068.388
385,구네,함경북도,그네,상세,함경북도,청진시,2025년,"여성, 1968년생",▶,구네 탈 때,,,22405,7091054,7092414,7091.054,7092.414
386,구네,함경북도,그네,상세,함경북도,청진시,2025년,"여성, 1968년생",▶,구네 탈 때,,,22405,7093934,7095294,7093.934,7095.294
387,구네,함경북도,그네,상세,함경북도,청진시,2025년,"여성, 1968년생",▶,구네는,,,22406,7108521,7109334,7108.521,7109.334
388,구네,함경북도,그네,상세,함경북도,청진시,2025년,"여성, 1968년생",▶,구네예요,,,22406,7109601,7110187,7109.601,7110.187
389,구네,함경북도,그네,상세,함경북도,청진시,2025년,"여성, 1968년생",▶,구네고,,,22406,7111240,7112227,7111.24,7112.227
390,구네,함경북도,그네,상세,함경북도,청진시,2025년,"여성, 1968년생",▶,구네를 타면,,,22406,7112967,7114140,7112.967,7114.14
391,구네,함경북도,그네,상세,함경북도,청진시,2025년,"여성, 1968년생",▶,구네를 탄다 하지만,,,22406,7114160,7115533,7114.16,7115.533
392,쎄감지,함경북도,소꿉놀이,상세,함경북도,청진시,2025년,"여성, 1968년생",▶,쎄감지,,,22409,7156254,7157134,7156.254,7157.134
393,쎄감지,함경북도,소꿉놀이,상세,함경북도,청진시,2025년,"여성, 1968년생",▶,쎄감지,,,22409,7157234,7158328,7157.234,7158.328
394,쎄감지,함경북도,소꿉놀이,상세,함경북도,청진시,2025년,"여성, 1968년생",▶,쎄감지,,,22409,7160241,7161654,7160.241,7161.654
395,쎄감지,함경북도,소꿉놀이,상세,함경북도,청진시,2025년,"여성, 1968년생",▶,쎄감지라고 해요,,,22409,7170120,7171147,7170.12,7171.147
396,쎄감지,함경북도,소꿉놀이,상세,함경북도,청진시,2025년,"여성, 1968년생",▶,쎄감지 놀자,'놀자'의 'ㅈ'이 치조음으로 발음됨.,,22409,7180907,7182200,7180.907,7182.2
